"","Znamka","Leto","St.prodanih","Delez.na.trgu(%)"
"1","Alfa Romeo",1990,203787,1.51
"2","Audi",1990,369189,2.73
"3","BMW",1990,363598,2.69
"4","Citroen",1990,639303,4.73
"5","Fiat",1990,1339953,9.91
"6","Ford",1990,1536912,11.37
"7","Honda",1990,163393,1.21
"8","Jaguar",1990,18448,0.14
"9","Lancia",1990,300087,2.22
"10","Mazda",1990,281078,2.08
"11","Mercedes Benz",1990,438077,3.24
"12","Nissan",1990,395400,2.93
"13","Opel",1990,1548255,11.45
"14","Peugeot",1990,1079450,7.99
"15","Renault",1990,1315495,9.73
"16","Land Rover",1990,28088,0.21
"17","Seat",1990,313718,2.32
"18","Skoda",1990,29152,0.22
"19","Toyota",1990,363285,2.69
"20","Volkswagen",1990,1406891,0
"21","Volvo",1990,234539,1.74
"22","Alfa Romeo",1991,180035,1.34
"23","Audi",1991,395382,2.95
"24","BMW",1991,413831,3.08
"25","Citroen",1991,611417,4.56
"26","Fiat",1991,1205041,8.98
"27","Ford",1991,1587798,11.84
"28","Honda",1991,172228,1.28
"29","Jaguar",1991,12050,0.09
"30","Lancia",1991,265172,1.98
"31","Mazda",1991,285011,2.12
"32","Mercedes Benz",1991,453727,3.38
"33","Nissan",1991,443171,3.3
"34","Opel",1991,1553637,11.58
"35","Peugeot",1991,1013247,7.55
"36","Renault",1991,1343241,10.01
"37","Land Rover",1991,24414,0.18
"38","Seat",1991,313710,2.34
"39","Skoda",1991,47689,0.36
"40","Toyota",1991,362002,2.7
"41","Volkswagen",1991,1447522,0
"42","Volvo",1991,198697,1.48
"43","Alfa Romeo",1992,156184,1.16
"44","Audi",1992,414938,3.07
"45","BMW",1992,444155,3.29
"46","Citroen",1992,645253,4.78
"47","Fiat",1992,1190770,8.82
"48","Ford",1992,1509898,11.19
"49","Honda",1992,176851,1.31
"50","Jaguar",1992,10732,0.08
"51","Lancia",1992,223127,1.65
"52","Mazda",1992,268807,1.99
"53","Mercedes Benz",1992,411143,3.05
"54","Nissan",1992,440601,3.26
"55","Opel",1992,1617551,11.98
"56","Peugeot",1992,993368,7.36
"57","Renault",1992,1432445,10.61
"58","Land Rover",1992,24669,0.18
"59","Seat",1992,326650,2.42
"60","Skoda",1992,51344,0.38
"61","Toyota",1992,339180,2.51
"62","Volkswagen",1992,1574089,0
"63","Volvo",1992,200558,1.49
"64","Alfa Romeo",1993,114292,1.02
"65","Audi",1993,308060,2.74
"66","BMW",1993,366800,3.26
"67","Citroen",1993,552635,4.91
"68","Fiat",1993,882259,7.84
"69","Ford",1993,1293403,11.49
"70","Honda",1993,161673,1.44
"71","Jaguar",1993,10787,0.1
"72","Lancia",1993,163636,1.45
"73","Mazda",1993,192317,1.71
"74","Mercedes Benz",1993,354718,3.15
"75","Nissan",1993,399235,3.55
"76","Opel",1993,1422720,12.64
"77","Peugeot",1993,839880,7.46
"78","Renault",1993,1195732,10.63
"79","Land Rover",1993,29839,0.27
"80","Seat",1993,262536,2.33
"81","Skoda",1993,51290,0.46
"82","Toyota",1993,315508,2.8
"83","Volkswagen",1993,1212689,0
"84","Volvo",1993,171612,1.53
"85","Alfa Romeo",1994,101548,0.85
"86","Audi",1994,312690,2.62
"87","BMW",1994,387855,3.25
"88","Citroen",1994,609103,5.1
"89","Fiat",1994,1013732,8.49
"90","Ford",1994,1403670,11.76
"91","Honda",1994,168152,1.41
"92","Jaguar",1994,10903,0.09
"93","Lancia",1994,163535,1.37
"94","Mazda",1994,168152,1.41
"95","Mercedes Benz",1994,419934,3.52
"96","Nissan",1994,387698,3.25
"97","Opel",1994,1489507,12.48
"98","Peugeot",1994,920906,7.71
"99","Renault",1994,1308986,10.97
"100","Land Rover",1994,33971,0.28
"101","Seat",1994,301123,2.52
"102","Skoda",1994,57731,0.48
"103","Toyota",1994,312835,2.62
"104","Volkswagen",1994,1217235,0
"105","Volvo",1994,200602,1.68
"106","Alfa Romeo",1995,130358,1.08
"107","Audi",1995,376980,3.13
"108","BMW",1995,392588,3.26
"109","Citroen",1995,579176,4.81
"110","Fiat",1995,1027562,8.54
"111","Ford",1995,1410289,11.72
"112","Honda",1995,177050,1.47
"113","Jaguar",1995,15973,0.13
"114","Jeep",1995,24019,0.2
"115","Lancia",1995,162416,1.35
"116","Mazda",1995,163794,1.36
"117","Mercedes Benz",1995,404618,3.36
"118","Nissan",1995,366608,3.05
"119","Opel",1995,1502346,12.48
"120","Peugeot",1995,861696,7.16
"121","Renault",1995,1241584,10.32
"122","Land Rover",1995,42401,0.35
"123","Seat",1995,287721,2.39
"124","Skoda",1995,64616,0.54
"125","Toyota",1995,306258,2.54
"126","Volkswagen",1995,1287799,0
"127","Volvo",1995,218447,1.82
"128","Alfa Romeo",1996,117543,0.92
"129","Audi",1996,411213,3.21
"130","BMW",1996,428759,3.35
"131","Citroen",1996,621407,4.85
"132","Fiat",1996,1140780,8.91
"133","Ford",1996,1466791,11.45
"134","Honda",1996,193195,1.51
"135","Jaguar",1996,14983,0.12
"136","Jeep",1996,28529,0.22
"137","Lancia",1996,159251,1.24
"138","Mazda",1996,172334,1.35
"139","Mercedes Benz",1996,462726,3.61
"140","Nissan",1996,369930,2.89
"141","Opel",1996,1532746,11.97
"142","Peugeot",1996,906788,7.08
"143","Renault",1996,1290208,10.08
"144","Land Rover",1996,41099,0.32
"145","Seat",1996,285120,2.23
"146","Skoda",1996,81540,0.64
"147","Toyota",1996,333935,2.61
"148","Volkswagen",1996,1419469,0
"149","Volvo",1996,206173,1.61
"150","Alfa Romeo",1997,128107,0.95
"151","Aston Martin",1997,488,0
"152","Audi",1997,460721,3.42
"153","BMW",1997,430694,3.2
"154","Citroen",1997,625671,4.64
"155","Ferrari",1997,1996,0.01
"156","Fiat",1997,1272570,9.44
"157","Ford",1997,1491688,11.07
"158","Honda",1997,217188,1.61
"159","Hyundai",1997,149676,1.11
"160","Jaguar",1997,17222,0.13
"161","Jeep",1997,34611,0.26
"162","Kia",1997,37395,0.28
"163","Lancia",1997,176211,1.31
"164","Lexus",1997,3408,0.03
"165","Mazda",1997,184726,1.37
"166","Mercedes Benz",1997,489373,3.63
"167","Nissan",1997,420338,3.12
"168","Opel",1997,1566430,11.62
"169","Peugeot",1997,889555,6.6
"170","Porsche",1997,17303,0.13
"171","Renault",1997,1325864,9.84
"172","Land Rover",1997,47988,0.36
"173","Seat",1997,332616,2.47
"174","Skoda",1997,115249,0.86
"175","Subaru",1997,45893,0.34
"176","Suzuki",1997,138739,1.03
"177","Toyota",1997,379169,2.81
"178","Volkswagen",1997,1385501,10.28
"179","Volvo",1997,231307,1.72
"180","Alfa Romeo",1998,172675,1.19
"181","Aston Martin",1998,425,0
"182","Audi",1998,486734,3.37
"183","BMW",1998,444979,3.08
"184","Citroen",1998,680771,4.71
"185","Ferrari",1998,1934,0.01
"186","Fiat",1998,1219149,8.43
"187","Ford",1998,1432848,9.91
"188","Honda",1998,216451,1.5
"189","Hyundai",1998,199466,1.38
"190","Jaguar",1998,20309,0.14
"191","Jeep",1998,33003,0.23
"192","Kia",1998,36670,0.25
"193","Lancia",1998,184841,1.28
"194","Lexus",1998,6938,0.05
"195","Mazda",1998,215082,1.49
"196","Mercedes Benz",1998,620754,4.29
"197","Nissan",1998,439870,3.04
"198","Opel",1998,1567894,10.84
"199","Peugeot",1998,947094,6.55
"200","Porsche",1998,18437,0.13
"201","Renault",1998,1541891,10.66
"202","Land Rover",1998,75004,0.52
"203","Seat",1998,361423,2.5
"204","Skoda",1998,157627,1.09
"205","Subaru",1998,52891,0.37
"206","Suzuki",1998,156828,1.08
"207","Toyota",1998,434440,3
"208","Volkswagen",1998,1577306,10.91
"209","Volvo",1998,238414,1.65
"210","Alfa Romeo",1999,180154,1.18
"211","Aston Martin",1999,485,0
"212","Audi",1999,514825,3.36
"213","BMW",1999,484164,3.16
"214","Citroen",1999,706480,4.61
"215","Ferrari",1999,1973,0.01
"216","Fiat",1999,1109513,7.25
"217","Ford",1999,1411878,9.22
"218","Honda",1999,217358,1.42
"219","Hyundai",1999,228757,1.49
"220","Jaguar",1999,30686,0.2
"221","Jeep",1999,39789,0.26
"222","Kia",1999,68861,0.45
"223","Lancia",1999,142710,0.93
"224","Lexus",1999,15800,0.1
"225","Mazda",1999,216430,1.41
"226","Mercedes Benz",1999,683919,4.47
"227","Nissan",1999,416860,2.72
"228","Opel",1999,1672578,10.93
"229","Peugeot",1999,1124645,7.35
"230","Porsche",1999,20017,0.13
"231","Renault",1999,1662226,10.86
"232","Land Rover",1999,96672,0.63
"233","Seat",1999,416386,2.72
"234","Skoda",1999,184736,1.21
"235","Subaru",1999,59554,0.39
"236","Suzuki",1999,196158,1.28
"237","Toyota",1999,478645,3.13
"238","Volkswagen",1999,1738201,11.35
"239","Volvo",1999,241771,1.58
"240","Alfa Romeo",2000,176389,1.17
"241","Aston Martin",2000,691,0
"242","Audi",2000,488376,3.25
"243","BMW",2000,497328,3.31
"244","Citroen",2000,767618,5.11
"245","Ferrari",2000,2224,0.01
"246","Fiat",2000,1128738,7.52
"247","Ford",2000,1252561,8.34
"248","Honda",2000,189972,1.26
"249","Hyundai",2000,219510,1.46
"250","Jaguar",2000,34995,0.23
"251","Jeep",2000,36140,0.24
"252","Kia",2000,84559,0.56
"253","Lancia",2000,173758,1.16
"254","Lexus",2000,17214,0.11
"255","Mazda",2000,182212,1.21
"256","Mercedes Benz",2000,710260,4.73
"257","Mini",2000,18,0
"258","Nissan",2000,427528,2.85
"259","Opel",2000,1537067,10.23
"260","Peugeot",2000,1173262,7.81
"261","Porsche",2000,22205,0.15
"262","Renault",2000,1569349,10.45
"263","Land Rover",2000,92813,0.62
"264","Seat",2000,434860,2.9
"265","Skoda",2000,224675,1.5
"266","Subaru",2000,45219,0.3
"267","Suzuki",2000,179198,1.19
"268","Toyota",2000,594946,3.6
"269","Volkswagen",2000,1629687,10.85
"270","Volvo",2000,230979,1.54
"271","Alfa Romeo",2001,205431,1.36
"272","Aston Martin",2001,763,0.01
"273","Audi",2001,541799,3.6
"274","BMW",2001,521635,3.46
"275","Citroen",2001,865179,5.75
"276","Ferrari",2001,2025,0.01
"277","Fiat",2001,1067855,7.09
"278","Ford",2001,1314467,8.73
"279","Honda",2001,160755,1.07
"280","Hyundai",2001,213245,1.42
"281","Jaguar",2001,43605,0.29
"282","Jeep",2001,28734,0.19
"283","Kia",2001,72267,0.48
"284","Lancia",2001,147358,0.98
"285","Lexus",2001,21357,0.14
"286","Mazda",2001,140135,0.93
"287","Mercedes Benz",2001,741318,4.92
"288","Mini",2001,25365,0.17
"289","Nissan",2001,387808,2.58
"290","Opel",2001,1551912,10.31
"291","Peugeot",2001,1287066,8.55
"292","Porsche",2001,23789,0.16
"293","Renault",2001,1583400,10.52
"294","Land Rover",2001,85225,0.57
"295","Seat",2001,410327,2.73
"296","Skoda",2001,252822,1.68
"297","Subaru",2001,36393,0.24
"298","Suzuki",2001,170662,1.13
"299","Toyota",2001,585711,3.58
"300","Volkswagen",2001,1613585,10.72
"301","Volvo",2001,223684,1.49
"302","Alfa Romeo",2002,169820,1.16
"303","Aston Martin",2002,796,0.01
"304","Audi",2002,549385,3.74
"305","BMW",2002,516000,3.51
"306","Citroen",2002,895487,6.1
"307","Ferrari",2002,2034,0.01
"308","Fiat",2002,902682,6.15
"309","Ford",2002,1289624,8.78
"310","Honda",2002,184011,1.25
"311","Hyundai",2002,233436,1.59
"312","Jaguar",2002,52385,0.36
"313","Jeep",2002,42945,0.29
"314","Kia",2002,77265,0.53
"315","Lancia",2002,109896,0.75
"316","Lexus",2002,19435,0.13
"317","Mazda",2002,159970,1.09
"318","Mercedes Benz",2002,741148,5.05
"319","Mini",2002,105730,0.72
"320","Nissan",2002,371711,2.53
"321","Opel",2002,1386364,9.44
"322","Peugeot",2002,1289702,8.78
"323","Porsche",2002,25186,0.17
"324","Renault",2002,1561696,10.63
"325","Land Rover",2002,86331,0.59
"326","Seat",2002,382398,2.6
"327","Skoda",2002,249683,1.7
"328","Subaru",2002,34253,0.23
"329","Suzuki",2002,197750,1.35
"330","Toyota",2002,670709,4.27
"331","Volkswagen",2002,1501393,10.22
"332","Volvo",2002,231818,1.58
"333","Alfa Romeo",2003,159611,1.11
"334","Aston Martin",2003,709,0
"335","Audi",2003,542074,3.75
"336","BMW",2003,506202,3.51
"337","Citroen",2003,918203,6.36
"338","Ferrari",2003,2227,0.02
"339","Fiat",2003,791201,5.48
"340","Ford",2003,1235596,8.56
"341","Honda",2003,195751,1.36
"342","Hyundai",2003,251876,1.74
"343","Jaguar",2003,48971,0.34
"344","Jeep",2003,39981,0.28
"345","Kia",2003,110424,0.76
"346","Lancia",2003,99511,0.69
"347","Lexus",2003,18318,0.13
"348","Mazda",2003,209209,1.45
"349","Mercedes Benz",2003,717559,4.97
"350","Mini",2003,116797,0.81
"351","Nissan",2003,409511,2.84
"352","Opel",2003,1346836,9.33
"353","Peugeot",2003,1201837,8.32
"354","Porsche",2003,33776,0.23
"355","Renault",2003,1526968,10.58
"356","Land Rover",2003,80525,0.56
"357","Seat",2003,381575,2.64
"358","Skoda",2003,250451,1.73
"359","Subaru",2003,39354,0.27
"360","Suzuki",2003,192296,1.33
"361","Toyota",2003,722807,4.69
"362","Volkswagen",2003,1420458,9.84
"363","Volvo",2003,216733,1.5
"364","Alfa Romeo",2004,158195,0.98
"365","Aston Martin",2004,1064,0.01
"366","Audi",2004,572706,3.54
"367","BMW",2004,593743,3.67
"368","Citroen",2004,934147,5.78
"369","Dacia",2004,66174,0.41
"370","Ferrari",2004,2268,0.01
"371","Fiat",2004,903180,5.59
"372","Ford",2004,1356044,8.39
"373","Honda",2004,261813,1.62
"374","Hyundai",2004,367427,2.27
"375","Jaguar",2004,59726,0.37
"376","Jeep",2004,37590,0.23
"377","Kia",2004,181180,1.12
"378","Lancia",2004,116626,0.72
"379","Lexus",2004,21122,0.13
"380","Mazda",2004,262646,1.62
"381","Mercedes Benz",2004,706111,4.37
"382","Mini",2004,124836,0.77
"383","Nissan",2004,409717,2.53
"384","Opel",2004,1454346,9
"385","Peugeot",2004,1244842,7.7
"386","Porsche",2004,39613,0.25
"387","Renault",2004,1679288,10.39
"388","Land Rover",2004,83066,0.51
"389","Seat",2004,405597,2.51
"390","Skoda",2004,412065,2.55
"391","Subaru",2004,50219,0.31
"392","Suzuki",2004,219652,1.36
"393","Toyota",2004,865913,5.05
"394","Volkswagen",2004,1550745,9.59
"395","Volvo",2004,258988,1.6
"396","Alfa Romeo",2005,130922,0.81
"397","Aston Martin",2005,2701,0.02
"398","Audi",2005,625024,3.87
"399","BMW",2005,660319,4.09
"400","Citroen",2005,951563,5.89
"401","Dacia",2005,28420,0.18
"402","Ferrari",2005,2803,0.02
"403","Fiat",2005,792734,4.91
"404","Ford",2005,1320222,8.18
"405","Honda",2005,274312,1.7
"406","Hyundai",2005,384427,2.38
"407","Jaguar",2005,46751,0.29
"408","Jeep",2005,34581,0.21
"409","Kia",2005,264657,1.64
"410","Lancia",2005,118773,0.74
"411","Lexus",2005,23340,0.14
"412","Mazda",2005,239655,1.48
"413","Mercedes Benz",2005,708374,4.38
"414","Mini",2005,129615,0.8
"415","Nissan",2005,387325,2.39
"416","Opel",2005,1423665,8.82
"417","Peugeot",2005,1168066,7.23
"418","Porsche",2005,44977,0.28
"419","Renault",2005,1577920,9.77
"420","Land Rover",2005,91612,0.57
"421","Seat",2005,386645,2.39
"422","Skoda",2005,441155,2.73
"423","Subaru",2005,54324,0.34
"424","Suzuki",2005,244617,1.51
"425","Toyota",2005,905805,5.24
"426","Volkswagen",2005,1604470,9.94
"427","Volvo",2005,257607,1.6
"428","Alfa Romeo",2006,145171,0.93
"429","Aston Martin",2006,3809,0.02
"430","Audi",2006,639911,4.11
"431","BMW",2006,680074,4.37
"432","Citroen",2006,912858,5.86
"433","Dacia",2006,40939,0.26
"434","Ferrari",2006,2782,0.02
"435","Fiat",2006,895023,5.75
"436","Ford",2006,1272878,8.18
"437","Honda",2006,279179,1.79
"438","Hyundai",2006,316865,2.04
"439","Jaguar",2006,41515,0.27
"440","Jeep",2006,39206,0.25
"441","Kia",2006,239488,1.54
"442","Lancia",2006,116554,0.75
"443","Lexus",2006,40337,0.26
"444","Mazda",2006,255958,1.64
"445","Mercedes Benz",2006,725781,4.66
"446","Mini",2006,114302,0.73
"447","Nissan",2006,332150,2.13
"448","Opel",2006,1322316,8.49
"449","Peugeot",2006,1108142,7.12
"450","Porsche",2006,44623,0.29
"451","Renault",2006,1286563,8.26
"452","Land Rover",2006,87796,0.56
"453","Seat",2006,384968,2.47
"454","Skoda",2006,444506,2.85
"455","Subaru",2006,55153,0.35
"456","Suzuki",2006,261455,1.68
"457","Toyota",2006,960499,5.61
"458","Volkswagen",2006,1671551,10.74
"459","Volvo",2006,244082,1.57
"460","Alfa Romeo",2007,144404,0.92
"461","Aston Martin",2007,3963,0.03
"462","Audi",2007,660632,4.21
"463","BMW",2007,704581,4.49
"464","Citroen",2007,937587,5.97
"465","Dacia",2007,76279,0.49
"466","Ferrari",2007,2924,0.02
"467","Fiat",2007,964767,6.15
"468","Ford",2007,1287820,8.2
"469","Honda",2007,311801,1.99
"470","Hyundai",2007,292274,1.86
"471","Jaguar",2007,33267,0.21
"472","Jeep",2007,45539,0.29
"473","Kia",2007,250831,1.6
"474","Lancia",2007,121994,0.78
"475","Lexus",2007,40496,0.26
"476","Mazda",2007,240014,1.53
"477","Mercedes Benz",2007,728474,4.64
"478","Mini",2007,144978,0.92
"479","Nissan",2007,313437,2
"480","Opel",2007,1323698,8.43
"481","Peugeot",2007,1091534,6.95
"482","Porsche",2007,45707,0.29
"483","Renault",2007,1180115,7.52
"484","Land Rover",2007,102599,0.65
"485","Seat",2007,382178,2.43
"486","Skoda",2007,462099,2.94
"487","Subaru",2007,46820,0.3
"488","Suzuki",2007,285571,1.82
"489","Toyota",2007,993745,5.7
"490","Volkswagen",2007,1610684,10.26
"491","Volvo",2007,266045,1.69
"492","Alfa Romeo",2008,102183,0.71
"493","Aston Martin",2008,3301,0.02
"494","Audi",2008,661801,4.57
"495","BMW",2008,676467,4.68
"496","Citroen",2008,853141,5.9
"497","Dacia",2008,106760,0.74
"498","Ferrari",2008,2988,0.02
"499","Fiat",2008,943202,6.52
"500","Ford",2008,1216364,8.41
"501","Honda",2008,264009,1.83
"502","Hyundai",2008,257686,1.78
"503","Jaguar",2008,36963,0.26
"504","Jeep",2008,32597,0.23
"505","Kia",2008,226507,1.57
"506","Lancia",2008,114035,0.79
"507","Lexus",2008,29682,0.21
"508","Mazda",2008,242144,1.67
"509","Mercedes Benz",2008,683473,4.72
"510","Mini",2008,143773,0.99
"511","Nissan",2008,338169,2.33
"512","Opel",2008,1135535,7.85
"513","Peugeot",2008,995255,6.88
"514","Porsche",2008,36063,0.25
"515","Renault",2008,1082950,7.49
"516","Land Rover",2008,72904,0.5
"517","Seat",2008,332350,2.3
"518","Skoda",2008,442393,3.06
"519","Subaru",2008,50904,0.35
"520","Suzuki",2008,247161,1.71
"521","Toyota",2008,830286,5.14
"522","Volkswagen",2008,1553488,10.74
"523","Volvo",2008,222905,1.54
"524","Alfa Romeo",2009,110827,0.76
"525","Aston Martin",2009,2308,0.02
"526","Audi",2009,617606,4.23
"527","BMW",2009,571184,3.91
"528","Citroen",2009,870143,5.96
"529","Dacia",2009,242419,1.66
"530","Ferrari",2009,2868,0.02
"531","Fiat",2009,1010342,6.92
"532","Ford",2009,1285871,8.8
"533","Honda",2009,261441,1.79
"534","Hyundai",2009,332709,2.5
"535","Jaguar",2009,29427,0.2
"536","Jeep",2009,18778,0.13
"537","Kia",2009,262625,1.8
"538","Lancia",2009,121846,0.83
"539","Lexus",2009,20629,0.14
"540","Mazda",2009,213585,1.46
"541","Mercedes Benz",2009,589329,4.03
"542","Mini",2009,136656,0.94
"543","Nissan",2009,372096,2.54
"544","Opel",2009,1053306,7.21
"545","Peugeot",2009,1006620,6.89
"546","Porsche",2009,33407,0.23
"547","Renault",2009,1124622,7.7
"548","Land Rover",2009,58474,0.4
"549","Seat",2009,319663,2.19
"550","Skoda",2009,486510,3.33
"551","Subaru",2009,45969,0.31
"552","Suzuki",2009,251077,1.72
"553","Toyota",2009,770944,4.88
"554","Volkswagen",2009,1664443,11.39
"555","Volvo",2009,207516,1.42
"556","Alfa Romeo",2010,110654,0.79
"557","Aston Martin",2010,2315,0.02
"558","Audi",2010,630561,4.53
"559","BMW",2010,609939,4.38
"560","Citroen",2010,839207,6.03
"561","Dacia",2010,268415,1.93
"562","Ferrari",2010,2987,0.02
"563","Fiat",2010,837251,6.01
"564","Ford",2010,1128782,8.11
"565","Honda",2010,201829,1.45
"566","Hyundai",2010,366931,2.64
"567","Jaguar",2010,27344,0.2
"568","Jeep",2010,14651,0.11
"569","Kia",2010,260778,1.87
"570","Lancia",2010,99671,0.72
"571","Lexus",2010,19185,0.14
"572","Mazda",2010,183887,1.32
"573","Mercedes Benz",2010,592562,4.26
"574","Mini",2010,142381,1.02
"575","Nissan",2010,411084,2.94
"576","Opel",2010,1006683,7.23
"577","Peugeot",2010,1015057,7.29
"578","Porsche",2010,37504,0.27
"579","Renault",2010,1164277,8.36
"580","Land Rover",2010,70714,0.51
"581","Seat",2010,305766,2.2
"582","Skoda",2010,456292,3.28
"583","Subaru",2010,46882,0.34
"584","Suzuki",2010,195141,1.4
"585","Toyota",2010,636365,4.29
"586","Volkswagen",2010,1558848,11.2
"587","Volvo",2010,232377,1.67
"588","Alfa Romeo",2011,131385,0.95
"589","Aston Martin",2011,2363,0.02
"590","Audi",2011,693233,5.01
"591","BMW",2011,649893,4.69
"592","Citroen",2011,780295,5.63
"593","Dacia",2011,254617,1.84
"594","Ferrari",2011,2899,0.02
"595","Fiat",2011,704157,5.08
"596","Ford",2011,1106875,7.99
"597","Honda",2011,163948,1.18
"598","Hyundai",2011,421393,3.04
"599","Jaguar",2011,22935,0.17
"600","Jeep",2011,23996,0.17
"601","Kia",2011,292569,2.11
"602","Lancia",2011,98679,0.71
"603","Lexus",2011,27442,0.2
"604","Mazda",2011,138857,1
"605","Mercedes Benz",2011,598569,4.32
"606","Mini",2011,170432,1.23
"607","Nissan",2011,470004,3.37
"608","Opel",2011,996566,7.2
"609","Peugeot",2011,923371,6.67
"610","Porsche",2011,42228,0.3
"611","Renault",2011,1068600,7.72
"612","Land Rover",2011,73818,0.53
"613","Seat",2011,311077,2.25
"614","Skoda",2011,495470,3.58
"615","Subaru",2011,38411,0.28
"616","Suzuki",2011,179341,1.3
"617","Toyota",2011,587715,3.96
"618","Volkswagen",2011,1703915,12.3
"619","Volvo",2011,250626,1.81
"620","Alfa Romeo",2012,90145,0.72
"621","Aston Martin",2012,1829,0.01
"622","Audi",2012,705023,5.62
"623","BMW",2012,640729,5.11
"624","Citroen",2012,674431,5.37
"625","Dacia",2012,237956,1.9
"626","Ferrari",2012,2768,0.02
"627","Fiat",2012,581613,4.64
"628","Ford",2012,950344,7.57
"629","Honda",2012,140579,1.12
"630","Hyundai",2012,428958,3.42
"631","Jaguar",2012,23410,0.19
"632","Jeep",2012,28201,0.22
"633","Kia",2012,340370,2.71
"634","Lancia",2012,89995,0.72
"635","Lexus",2012,26820,0.21
"636","Mazda",2012,123859,0.99
"637","Mercedes Benz",2012,598300,4.77
"638","Mini",2012,158604,1.26
"639","Nissan",2012,436169,3.48
"640","Opel",2012,835855,6.66
"641","Peugeot",2012,795792,6.34
"642","Porsche",2012,45549,0.36
"643","Renault",2012,818598,6.52
"644","Land Rover",2012,104885,0.84
"645","Seat",2012,261018,2.08
"646","Skoda",2012,489497,3.9
"647","Subaru",2012,42165,0.34
"648","Suzuki",2012,153987,1.23
"649","Toyota",2012,518720,4.13
"650","Volkswagen",2012,1608647,12.82
"651","Volvo",2012,231865,1.85
"652","Alfa Romeo",2013,64285,0.52
"653","Aston Martin",2013,1853,0.02
"654","Audi",2013,695456,5.67
"655","BMW",2013,639656,5.22
"656","Citroen",2013,600538,4.9
"657","Dacia",2013,290078,2.37
"658","Ferrari",2013,2477,0.02
"659","Fiat",2013,568838,4.64
"660","Ford",2013,919799,7.5
"661","Honda",2013,139638,1.14
"662","Hyundai",2013,414308,3.38
"663","Jaguar",2013,26969,0.22
"664","Jeep",2013,23807,0.19
"665","Kia",2013,344498,2.81
"666","Lancia",2013,71872,0.59
"667","Lexus",2013,23708,0.19
"668","Mazda",2013,146355,1.19
"669","Mercedes Benz",2013,624888,5.1
"670","Mini",2013,153164,1.25
"671","Nissan",2013,421134,3.44
"672","Opel",2013,823902,6.72
"673","Peugeot",2013,736440,6.01
"674","Porsche",2013,44423,0.36
"675","Renault",2013,797577,6.51
"676","Land Rover",2013,111372,0.91
"677","Seat",2013,287097,2.34
"678","Skoda",2013,501442,4.09
"679","Subaru",2013,38935,0.32
"680","Suzuki",2013,151098,1.23
"681","Toyota",2013,509862,4.16
"682","Volkswagen",2013,1541890,12.58
"683","Volvo",2013,230474,1.88
"684","Alfa Romeo",2014,58976,0.46
"685","Aston Martin",2014,1559,0.01
"686","Audi",2014,722653,5.59
"687","BMW",2014,672376,5.2
"688","Citroen",2014,607356,4.69
"689","Dacia",2014,362520,2.8
"690","Ferrari",2014,2461,0.02
"691","Fiat",2014,583206,4.51
"692","Ford",2014,959191,7.41
"693","Honda",2014,132579,1.02
"694","Hyundai",2014,418824,3.24
"695","Jaguar",2014,28796,0.22
"696","Jeep",2014,40353,0.31
"697","Kia",2014,351798,2.72
"698","Lancia",2014,69835,0.54
"699","Lexus",2014,31479,0.24
"700","Mazda",2014,172926,1.34
"701","Mercedes Benz",2014,657320,5.08
"702","Mini",2014,156887,1.21
"703","Nissan",2014,477703,3.69
"704","Opel",2014,880974,6.81
"705","Peugeot",2014,782883,6.05
"706","Porsche",2014,54004,0.42
"707","Renault",2014,872486,6.74
"708","Land Rover",2014,118342,0.91
"709","Seat",2014,327330,2.53
"710","Skoda",2014,571658,4.42
"711","Subaru",2014,32907,0.25
"712","Suzuki",2014,161144,1.25
"713","Toyota",2014,526272,4.07
"714","Volkswagen",2014,1606145,12.41
"715","Volvo",2014,254225,1.96
"716","Alfa Romeo",2015,56688,0.4
"717","Aston Martin",2015,1623,0.01
"718","Audi",2015,763308,5.41
"719","BMW",2015,743466,5.27
"720","Citroen",2015,545693,3.87
"721","Dacia",2015,376324,2.67
"722","Ferrari",2015,2648,0.02
"723","Fiat",2015,653212,4.63
"724","Ford",2015,1036249,7.34
"725","Honda",2015,130808,0.93
"726","Hyundai",2015,466167,3.3
"727","Jaguar",2015,39383,0.28
"728","Jeep",2015,86803,0.62
"729","Kia",2015,383047,2.71
"730","Lancia",2015,61652,0.44
"731","Lexus",2015,39255,0.28
"732","Mazda",2015,209290,1.48
"733","Mercedes Benz",2015,738351,5.23
"734","Mini",2015,181244,1.28
"735","Nissan",2015,554046,3.93
"736","Opel",2015,934368,6.62
"737","Peugeot",2015,849857,6.02
"738","Porsche",2015,68270,0.48
"739","Renault",2015,970454,6.88
"740","Land Rover",2015,140564,1
"741","Seat",2015,336560,2.39
"742","Skoda",2015,612579,4.34
"743","Subaru",2015,38033,0.27
"744","Suzuki",2015,177686,1.26
"745","Toyota",2015,556480,3.94
"746","Volkswagen",2015,1699221,12.04
"747","Volvo",2015,284567,2.02
"748","Alfa Romeo",2016,66155,0.44
"749","Aston Martin",2016,1508,0.01
"750","Audi",2016,820151,5.46
"751","BMW",2016,816888,5.44
"752","Citroen",2016,541047,3.6
"753","Dacia",2016,412284,2.75
"754","Ferrari",2016,2701,0.02
"755","Fiat",2016,740622,4.93
"756","Ford",2016,1041431,6.94
"757","Honda",2016,158983,1.06
"758","Hyundai",2016,498386,3.32
"759","Jaguar",2016,67134,0.45
"760","Jeep",2016,103897,0.69
"761","Kia",2016,430945,2.87
"762","Lancia",2016,67059,0.45
"763","Lexus",2016,44287,0.29
"764","Mazda",2016,233354,1.55
"765","Mercedes Benz",2016,839412,5.59
"766","Mini",2016,208317,1.39
"767","Nissan",2016,547343,3.65
"768","Opel",2016,984769,6.56
"769","Peugeot",2016,860911,5.73
"770","Porsche",2016,69119,0.46
"771","Renault",2016,1094374,7.29
"772","Land Rover",2016,166777,1.11
"773","Seat",2016,348138,2.32
"774","Skoda",2016,654562,4.36
"775","Subaru",2016,37189,0.25
"776","Suzuki",2016,198508,1.32
"777","Toyota",2016,595539,3.97
"778","Volkswagen",2016,1704547,11.35
"779","Volvo",2016,289747,1.91
